最后更新时间,平均喜欢数
2016-01-11,705 
2016-01-12,380 
2016-01-13,114 
2016-01-14,437 
2016-01-15,4320 
2016-01-19,361 
2016-01-20,1142 
2016-01-22,1000 
2016-01-26,95 
2016-01-27,354 
2016-01-29,1223 
2016-02-01,60 
2016-02-02,1208 
2016-02-08,1037 
2016-02-16,64 
2016-02-17,138 
2016-02-18,349 
2016-02-22,26 
2016-02-27,3233 
2016-02-29,84 
2016-03-01,33 
2016-03-02,1792 
2016-03-07,1367 
2016-03-08,26 
2016-03-09,574 
2016-03-11,95 
2016-03-13,126 
2016-03-14,7217 
2016-03-15,1451 
2016-03-16,335 
2016-03-17,2069 
2016-03-18,5323 
2016-03-21,1081 
2016-03-23,1691 
2016-03-24,1418 
2016-03-25,274 
2016-03-26,2992 
2016-03-29,3185 
2016-03-31,796 
2016-04-01,5715 
2016-04-07,27 
2016-04-08,554 
2016-04-09,72 
2016-04-11,238 
2016-04-12,1612 
2016-04-14,3074 
2016-04-15,1831 
2016-04-16,3503 
2016-04-17,200 
2016-04-18,187 
2016-04-20,67 
2016-04-21,799 
2016-04-22,1619 
2016-04-26,2700 
2016-04-28,368 
2016-04-29,1167 
